ROUGH_APOGEE_ESTIMATE,INITIAL_PRESSURE_ESTIMATE_Z0,MAXIMUM_PRESSURE_ESTIMATE,MAX_WEIGHT,MIN_WEIGHT_CHANGE,MAX_WEIGHT_CHANGE,MIN_HEIGHT_ESTIMATION,MEDIAN_FILTER_WINDOW_SIZE,LOWPASS_FILTER_GAIN,LOWPASS_FILTER_CUTOFF_FREQ,LOWPASS_FILTER_LAMBDA,SVM1_SCALE,SVM1_MU_1,SVM1_MU_2,SVM1_MU_3,SVM1_MU_4,SVM1_MU_5,SVM1_MU_6,SVM1_SIGMA_1,SVM1_SIGMA_2,SVM1_SIGMA_3,SVM1_SIGMA_4,SVM1_SIGMA_5,SVM1_SIGMA_6,SVM1_BETA_1,SVM1_BETA_2,SVM1_BETA_3,SVM1_BETA_4,SVM1_BETA_5,SVM1_BETA_6,SVM1_BIAS,SVM2_SCALE,SVM2_MU_1,SVM2_MU_2,SVM2_MU_3,SVM2_MU_4,SVM2_MU_5,SVM2_SIGMA_1,SVM2_SIGMA_2,SVM2_SIGMA_3,SVM2_SIGMA_4,SVM2_SIGMA_5,SVM2_BETA_1,SVM2_BETA_2,SVM2_BETA_3,SVM2_BETA_4,SVM2_BETA_5,SVM2_BIAS,N_SAMPLE_SVM1,FFT_N_SAMPLE_SVM1,N_SAMPLE_SVM2,SVM1_TAKEOFF_SHADOWMODE
3100,99417.602569639,69221.5817707106,50,0.01,9.99,160,20,500,500,4.53999297624848e-05,3.25293089128877,1306.72004416967,0.351190954475099,1.99867039117899,-0.0185223927903996,7.45589640537251,12.630364102307,1055.13277492127,0.0457124377157068,1.83336893903227,0.0874316265177542,1.19779014092547,0.999724384795152,0.0538048411163895,1.21829189675103,-0.0135044925652423,-2.46984492432602,-1.7469906902922,0.236220477009252,-0.945291058126819,0.775015678995177,1.69681676472682,261.15944469953,0.0114112487465149,-0.0168260044537472,2.1355858817835,0.20823828849293,356.048735537809,0.156943288015148,0.480743200014727,0.912588579044107,-1.45789357962751,0.149212230274532,0.543310785123195,0.36657833324541,-0.033476999690174,-4.55617842982864,50,10,50,6
